3397946800,-1,777.0,169.0,93.0,93.7112,73.0,101.0,115.0
3397946800,-2,873.0,483.0,159.0,171.084,106.0,196.0,125.0
3397946825,-1,781.0,170.0,94.0,94.3557,74.0,101.0,115.0
3397946825,-2,877.0,485.0,159.0,172.113,103.0,195.0,125.0
3397946825,-3,914.0,-374.0,185.0,222.37,166.0,156.0,85.0
3397946853,-2,879.0,486.0,161.0,172.777,103.0,195.0,124.0
3397946853,-3,912.0,-373.0,184.0,221.816,163.0,156.0,86.0
3397947027,-2,742.0,498.0,188.0,164.537,104.0,196.0,123.0
3397947027,-3,447.0,-148.0,178.0,211.894,37.0,184.0,122.0
3397947027,-7,1203.0,-450.0,185.0,212.77,108.0,178.0,93.0
3397947027,-8,1426.0,193.0,73.0,322.641,72.0,87.0,120.0
3397947141,-2,726.0,497.0,184.0,168.539,104.0,196.0,125.0
3397947141,-3,446.0,-153.0,177.0,211.342,37.0,184.0,121.0
3397947141,-8,1417.0,191.0,72.0,319.9,73.0,87.0,120.0
3397947176,-2,723.0,488.0,183.0,167.47,103.0,196.0,124.0
3397947176,-3,446.0,-149.0,178.0,211.442,36.0,185.0,120.0
3397947176,-8,1415.0,192.0,72.0,319.605,72.0,87.0,120.0
3397947176,-9,1336.0,-661.0,355.0,422.431,73.0,102.0,164.0
3397947249,-3,446.0,-153.0,177.0,211.597,36.0,184.0,121.0
3397947249,-8,1417.0,192.0,72.0,319.908,72.0,87.0,120.0
3397947249,-9,1332.0,-659.0,352.0,421.025,72.0,102.0,164.0
3397947282,-3,446.0,-148.0,177.0,211.352,36.0,184.0,121.0
3397947282,-9,1331.0,-659.0,352.0,420.996,73.0,102.0,164.0
3397947314,-3,621.0,-154.0,203.0,193.621,29.0,169.0,121.0
3397947314,-9,1330.0,-659.0,379.0,420.507,73.0,103.0,164.0
3397947314,-10,993.0,274.0,136.0,379.136,73.0,94.0,176.0
3397947345,-3,631.0,-157.0,206.0,189.872,30.0,171.0,121.0
3397947345,-9,1329.0,-658.0,378.0,420.206,74.0,103.0,164.0
3397947377,-3,632.0,-157.0,206.0,183.336,30.0,170.0,122.0
3397947377,-9,1336.0,-661.0,382.0,434.09,73.0,102.0,163.0
3397947377,-11,823.0,212.0,107.0,122.48,113.0,97.0,146.0
3397947405,-3,632.0,-157.0,206.0,190.161,29.0,170.0,121.0
3397947405,-9,1336.0,-661.0,382.0,434.082,73.0,103.0,163.0
3397947405,-11,823.0,212.0,107.0,122.474,113.0,98.0,146.0
3397947405,-13,1300.0,380.0,147.0,399.551,64.0,197.0,120.0
3397947439,-3,575.0,-202.0,211.0,158.517,28.0,171.0,120.0
3397947439,-9,1336.0,-661.0,382.0,422.526,73.0,102.0,162.0
3397947439,-11,823.0,212.0,107.0,122.862,114.0,96.0,147.0
3397947471,-3,575.0,-202.0,211.0,158.509,29.0,172.0,120.0
3397947471,-9,1335.0,-674.0,382.0,423.003,72.0,103.0,163.0
3397947471,-11,823.0,203.0,107.0,122.286,110.0,98.0,146.0
3397947471,-15,750.0,576.0,131.0,121.779,62.0,101.0,120.0
3397947505,-3,584.0,-199.0,213.0,154.275,28.0,170.0,120.0
3397947505,-9,1601.0,-175.0,289.0,437.539,80.0,103.0,167.0
3397947505,-11,823.0,212.0,107.0,122.476,113.0,96.0,145.0
3397947539,-9,1551.0,-169.0,266.0,436.019,80.0,103.0,167.0
3397947539,-11,698.0,-89.0,100.0,110.133,117.0,97.0,144.0
3397947569,-9,1543.0,-167.0,265.0,420.019,79.0,103.0,167.0
3397947569,-11,696.0,-89.0,100.0,109.673,117.0,96.0,144.0
3397947569,-16,734.0,300.0,121.0,105.786,97.0,204.0,97.0
3397947600,-9,1614.0,-176.0,292.0,441.695,80.0,103.0,167.0
3397947600,-11,492.0,-146.0,122.0,115.652,114.0,97.0,146.0
3397947600,-16,739.0,293.0,130.0,106.622,97.0,205.0,96.0
3397947600,-17,996.0,-700.0,304.0,260.482,120.0,169.0,91.0
3397947647,-9,1602.0,-175.0,290.0,437.796,79.0,102.0,167.0
3397947647,-11,490.0,-145.0,122.0,115.618,114.0,97.0,145.0
3397947647,-17,990.0,-696.0,302.0,258.584,117.0,168.0,93.0
3397947683,-9,1552.0,-168.0,282.0,436.111,80.0,103.0,167.0
3397947683,-11,491.0,-145.0,122.0,114.664,114.0,97.0,145.0
3397947683,-17,992.0,-697.0,303.0,259.167,116.0,167.0,94.0
3397947683,-18,1013.0,439.0,171.0,383.695,70.0,96.0,173.0
3397947755,-9,1470.0,-561.0,372.0,435.535,74.0,104.0,161.0
3397947755,-18,1019.0,441.0,171.0,386.021,71.0,95.0,172.0
3397947812,-9,1456.0,-556.0,368.0,430.705,74.0,104.0,161.0
3397947812,-18,1015.0,439.0,170.0,384.044,70.0,96.0,172.0
3397947812,-19,519.0,22.0,102.0,92.0638,75.0,92.0,112.0
3397947844,-9,1170.0,-667.0,448.0,421.864,65.0,104.0,156.0
3397947844,-18,1014.0,439.0,160.0,383.844,71.0,95.0,173.0
3397947844,-19,512.0,22.0,101.0,97.1111,73.0,93.0,112.0
3397947844,-20,1551.0,-90.0,141.0,421.978,76.0,198.0,120.0
3397947927,-18,1087.0,487.0,170.0,394.122,71.0,95.0,172.0
3397947927,-19,512.0,22.0,101.0,97.092,74.0,91.0,111.0
3397947927,-20,1458.0,-290.0,148.0,422.659,73.0,198.0,120.0
3397947989,-18,1087.0,487.0,170.0,393.9,72.0,95.0,173.0
3397947989,-19,519.0,22.0,102.0,92.071,75.0,92.0,112.0
3397947989,-20,1457.0,-290.0,148.0,422.361,74.0,197.0,120.0
3397947989,-21,969.0,-590.0,154.0,329.828,60.0,91.0,120.0
3397948024,-18,1087.0,487.0,170.0,393.766,70.0,97.0,172.0
3397948024,-19,698.0,413.0,123.0,102.259,67.0,101.0,117.0
3397948024,-20,1457.0,-305.0,163.0,422.653,76.0,196.0,119.0
3397948058,-18,1087.0,487.0,181.0,394.167,70.0,97.0,172.0
3397948058,-20,1458.0,-305.0,163.0,422.961,75.0,197.0,117.0
3397948090,-18,1092.0,489.0,182.0,396.229,72.0,97.0,172.0
3397948090,-23,1468.0,-292.0,134.0,426.077,73.0,198.0,117.0
3397948090,-24,624.0,-1.0,133.0,153.78,111.0,206.0,120.0
3397948123,-18,1087.0,487.0,181.0,394.275,72.0,97.0,171.0
3397948123,-24,622.0,0.0,140.0,153.141,112.0,206.0,120.0
3397948156,-18,1084.0,486.0,180.0,392.984,71.0,97.0,172.0
3397948156,-24,622.0,-1.0,139.0,153.105,112.0,206.0,120.0
3397948156,-25,466.0,-367.0,173.0,106.387,83.0,195.0,101.0
3397948189,-18,1084.0,486.0,192.0,392.626,71.0,97.0,171.0
3397948189,-24,611.0,0.0,138.0,156.979,110.0,206.0,120.0
3397948189,-25,463.0,-370.0,166.0,105.71,81.0,195.0,101.0
3397948189,-27,1195.0,-409.0,111.0,344.982,68.0,87.0,119.0
3397948245,-18,1037.0,-694.0,195.0,395.681,70.0,96.0,166.0
3397948245,-24,622.0,0.0,140.0,153.133,112.0,206.0,120.0
3397948245,-25,464.0,-366.0,172.0,106.278,82.0,195.0,102.0
3397948278,-18,1043.0,-697.0,197.0,398.314,70.0,96.0,167.0
3397948278,-24,624.0,0.0,140.0,153.789,112.0,206.0,120.0
3397948278,-25,466.0,-367.0,173.0,106.606,82.0,195.0,101.0
3397948278,-28,827.0,346.0,125.0,127.282,113.0,93.0,147.0
3397948311,-18,1033.0,-691.0,195.0,393.731,70.0,96.0,167.0
3397948311,-24,620.0,0.0,139.0,152.87,112.0,206.0,120.0
3397948311,-25,463.0,-365.0,172.0,105.962,82.0,195.0,101.0
3397948345,-18,1036.0,-693.0,196.0,395.328,69.0,96.0,167.0
3397948345,-24,857.0,291.0,156.0,168.872,108.0,203.0,120.0
3397948378,-18,1036.0,-693.0,195.0,395.191,70.0,95.0,167.0
3397948378,-24,857.0,291.0,147.0,169.199,107.0,203.0,121.0
3397948378,-30,452.0,-161.0,147.0,121.463,117.0,90.0,147.0
3397948409,-18,1039.0,-695.0,196.0,396.522,70.0,96.0,167.0
3397948409,-30,622.0,111.0,126.0,116.795,122.0,89.0,146.0
3397948442,-18,1036.0,-693.0,195.0,404.238,70.0,95.0,167.0
3397948442,-30,622.0,111.0,126.0,116.862,122.0,89.0,146.0
3397948442,-31,1170.0,252.0,85.0,333.807,63.0,87.0,120.0
3397948477,-18,778.0,-575.0,220.0,366.383,61.0,97.0,165.0
3397948477,-30,612.0,103.0,125.0,114.828,123.0,89.0,147.0
3397948477,-31,1170.0,252.0,85.0,333.914,64.0,87.0,120.0
3397948477,-32,1087.0,-260.0,227.0,203.291,142.0,168.0,88.0
3397948531,-18,795.0,-586.0,225.0,381.645,62.0,97.0,165.0
3397948531,-30,612.0,110.0,125.0,122.531,124.0,88.0,146.0
3397948531,-31,1171.0,252.0,84.0,334.058,66.0,87.0,120.0
3397948566,-18,1089.0,-692.0,204.0,404.779,72.0,95.0,167.0
3397948566,-30,613.0,110.0,131.0,121.881,123.0,88.0,147.0
3397948566,-31,1172.0,252.0,85.0,334.559,63.0,87.0,120.0
3397948566,-33,505.0,-149.0,113.0,99.8742,63.0,96.0,114.0
3397948615,-18,1083.0,-677.0,203.0,401.5,71.0,95.0,168.0
3397948615,-31,1166.0,251.0,84.0,332.306,63.0,87.0,120.0
3397948615,-33,503.0,-143.0,112.0,99.009,62.0,98.0,114.0
3397948648,-18,1086.0,-679.0,193.0,403.018,73.0,95.0,168.0
3397948648,-31,1170.0,252.0,85.0,333.579,65.0,87.0,120.0
3397948679,-18,1087.0,-690.0,193.0,404.04,72.0,95.0,168.0
3397948679,-31,1170.0,252.0,85.0,333.866,65.0,87.0,120.0
3397948679,-36,612.0,27.0,214.0,178.714,33.0,181.0,120.0
3397948711,-18,1087.0,-679.0,204.0,403.316,73.0,95.0,168.0
3397948711,-31,1170.0,252.0,85.0,333.837,67.0,86.0,120.0
3397948740,-18,1086.0,-679.0,204.0,402.967,73.0,95.0,168.0
3397948740,-31,1170.0,252.0,85.0,333.56,68.0,87.0,120.0
3397948740,-38,497.0,-71.0,298.0,224.091,161.0,166.0,80.0
3397948774,-18,873.0,-554.0,206.0,383.146,68.0,95.0,168.0
3397948774,-31,1170.0,433.0,109.0,328.63,63.0,90.0,120.0
3397948774,-39,1503.0,-375.0,137.0,438.679,77.0,196.0,118.0
3397948774,-42,504.0,152.0,314.0,194.854,154.0,168.0,86.0
3397948862,-18,873.0,-554.0,206.0,383.23,68.0,94.0,168.0
3397948862,-31,1170.0,433.0,109.0,339.26,64.0,90.0,120.0
3397948862,-42,504.0,153.0,314.0,194.928,152.0,167.0,85.0
3397949031,-18,1263.0,-315.0,168.0,407.541,79.0,93.0,174.0
3397949031,-44,764.0,426.0,142.0,108.119,94.0,204.0,95.0
3397949031,-50,483.0,-86.0,257.0,180.66,135.0,160.0,90.0
3397949066,-18,1259.0,-314.0,168.0,405.931,78.0,94.0,174.0
3397949066,-50,482.0,-86.0,257.0,180.335,136.0,160.0,91.0
3397949099,-18,1261.0,-314.0,168.0,406.416,79.0,93.0,173.0
3397949099,-50,483.0,-92.0,257.0,179.972,137.0,161.0,90.0
3397949099,-51,734.0,405.0,169.0,221.199,38.0,180.0,120.0
3397949133,-18,1260.0,-314.0,168.0,406.182,79.0,93.0,174.0
3397949133,-50,483.0,-86.0,257.0,179.827,137.0,161.0,90.0
3397949133,-51,1011.0,576.0,266.0,218.464,43.0,188.0,120.0
3397949133,-52,697.0,451.0,116.0,103.609,64.0,102.0,118.0
3397949173,-50,483.0,-86.0,257.0,179.856,138.0,161.0,91.0
3397949173,-51,1011.0,576.0,266.0,218.474,44.0,188.0,120.0
3397949173,-52,697.0,451.0,116.0,103.618,63.0,102.0,118.0
3397949244,-50,837.0,-596.0,306.0,193.1,139.0,168.0,86.0
3397949244,-51,1011.0,576.0,266.0,218.216,44.0,188.0,120.0
3397949244,-52,697.0,451.0,116.0,103.628,64.0,102.0,117.0
3397949278,-50,837.0,-596.0,306.0,193.264,141.0,168.0,86.0
3397949278,-52,428.0,76.0,105.0,104.47,64.0,97.0,113.0
3397949309,-50,837.0,-605.0,306.0,185.055,140.0,168.0,85.0
3397949309,-52,423.0,70.0,104.0,109.012,67.0,95.0,112.0
3397949309,-54,1137.0,140.0,166.0,382.02,64.0,200.0,119.0
3397949343,-52,428.0,76.0,110.0,104.369,69.0,95.0,112.0
3397949343,-55,1137.0,152.0,165.0,382.284,65.0,200.0,119.0
3397949375,-52,430.0,76.0,105.0,104.183,68.0,95.0,112.0
3397949375,-55,1143.0,152.0,166.0,384.784,64.0,200.0,119.0
3397949375,-56,594.0,379.0,149.0,107.448,90.0,198.0,100.0
3397949408,-52,423.0,75.0,109.0,108.81,67.0,95.0,112.0
3397949408,-55,1109.0,149.0,150.0,382.112,64.0,200.0,119.0
3397949408,-56,592.0,371.0,148.0,106.33,90.0,198.0,101.0
3397949408,-57,761.0,-339.0,150.0,119.895,106.0,93.0,141.0
3397949470,-52,423.0,70.0,104.0,109.015,68.0,95.0,113.0
3397949470,-57,775.0,-345.0,143.0,132.072,106.0,94.0,142.0
3397949470,-58,1110.0,138.0,162.0,382.286,64.0,200.0,119.0
3397949501,-57,778.0,-338.0,144.0,124.034,104.0,94.0,142.0
3397949501,-59,931.0,321.0,168.0,381.505,59.0,198.0,119.0
3397949532,-57,776.0,-337.0,152.0,123.286,106.0,95.0,142.0
3397949532,-60,926.0,329.0,158.0,379.915,59.0,198.0,120.0
3397949532,-61,451.0,143.0,147.0,138.458,102.0,205.0,120.0
3397949563,-57,776.0,-337.0,144.0,123.272,104.0,95.0,142.0
3397949563,-61,451.0,142.0,147.0,138.368,103.0,205.0,121.0
3397949595,-57,776.0,-337.0,144.0,122.953,106.0,94.0,142.0
3397949595,-61,451.0,143.0,147.0,138.432,105.0,205.0,120.0
3397949595,-63,790.0,515.0,121.0,109.401,68.0,101.0,114.0
3397949623,-57,775.0,-337.0,144.0,123.066,106.0,95.0,142.0
3397949623,-61,451.0,143.0,147.0,138.402,105.0,206.0,121.0
3397949653,-57,776.0,-337.0,152.0,123.277,106.0,96.0,142.0
3397949653,-61,451.0,142.0,147.0,138.381,105.0,206.0,121.0
3397949653,-64,1331.0,-6.0,217.0,283.416,152.0,184.0,75.0
3397949682,-57,483.0,-126.0,149.0,106.371,115.0,92.0,146.0
3397949682,-61,621.0,377.0,176.0,149.487,94.0,199.0,121.0
3397949682,-64,1331.0,-6.0,230.0,283.571,147.0,181.0,81.0
3397949682,-65,907.0,-632.0,222.0,393.706,53.0,191.0,119.0
3397949742,-57,483.0,-126.0,149.0,106.352,116.0,92.0,146.0
3397949742,-61,620.0,384.0,176.0,150.282,94.0,199.0,123.0
3397949742,-64,1331.0,-6.0,230.0,270.861,146.0,181.0,80.0
3397955072,-100,750.0,419.0,147.0,113.734,95.0,202.0,100.0
3397955072,-101,512.0,-315.0,174.0,120.446,109.0,95.0,147.0
3397955072,-102,809.0,-36.0,148.0,153.82,115.0,205.0,120.0
3397955072,-103,1611.0,131.0,178.0,250.14,132.0,187.0,89.0
3397955159,-100,749.0,419.0,148.0,113.119,95.0,203.0,101.0
3397955159,-102,821.0,-37.0,150.0,147.506,115.0,206.0,120.0
3397955159,-103,1599.0,129.0,177.0,262.937,132.0,187.0,87.0
3397955191,-102,819.0,-37.0,149.0,146.791,115.0,205.0,120.0
3397955191,-103,1591.0,129.0,176.0,261.395,131.0,187.0,89.0
3397955220,-102,809.0,-36.0,148.0,153.499,114.0,205.0,120.0
3397955220,-103,1610.0,130.0,179.0,265.641,132.0,186.0,88.0
3397955220,-105,1420.0,-919.0,476.0,465.387,71.0,103.0,162.0
3397955787,-130,1130.0,-517.0,164.0,399.642,76.0,94.0,171.0
3397955787,-131,718.0,192.0,150.0,157.299,111.0,205.0,121.0
3397955787,-132,545.0,-320.0,158.0,111.045,89.0,197.0,97.0
3397955787,-133,376.0,157.0,109.0,136.989,127.0,90.0,152.0
3397955829,-130,1130.0,-517.0,164.0,399.708,75.0,93.0,171.0
3397955829,-131,718.0,192.0,151.0,157.315,111.0,205.0,121.0
3397955829,-133,380.0,158.0,111.0,133.638,125.0,90.0,151.0
3397955858,-130,1134.0,-519.0,164.0,401.603,75.0,94.0,171.0
3397955858,-134,720.0,192.0,151.0,158.025,111.0,205.0,121.0
3397955888,-130,1129.0,-517.0,164.0,399.529,75.0,93.0,171.0
3397955888,-134,717.0,192.0,151.0,157.632,111.0,204.0,121.0
3397955888,-135,1532.0,111.0,293.0,416.062,76.0,103.0,167.0
3397955918,-130,1409.0,-481.0,143.0,425.372,81.0,93.0,174.0
3397955918,-134,708.0,190.0,149.0,154.787,111.0,205.0,121.0
3397955918,-135,1544.0,111.0,295.0,420.074,76.0,103.0,167.0
3397955918,-136,661.0,-476.0,244.0,360.142,49.0,191.0,120.0
3397955965,-130,1448.0,-494.0,147.0,437.982,82.0,94.0,174.0
3397955965,-135,1541.0,111.0,294.0,418.896,75.0,103.0,168.0
3397955965,-136,671.0,-483.0,248.0,365.458,50.0,191.0,120.0
3397955999,-130,1399.0,-478.0,142.0,421.624,82.0,93.0,175.0
3397955999,-135,1532.0,111.0,293.0,416.083,75.0,102.0,167.0
3397955999,-136,658.0,-474.0,243.0,364.465,50.0,190.0,120.0
3397955999,-137,705.0,267.0,125.0,98.6276,96.0,202.0,97.0
3397956034,-135,1533.0,111.0,293.0,416.271,75.0,103.0,167.0
3397956034,-136,658.0,-474.0,243.0,364.47,50.0,191.0,120.0
3397956034,-137,693.0,264.0,123.0,104.129,96.0,202.0,97.0
3397956067,-135,961.0,-515.0,417.0,400.15,66.0,104.0,156.0
3397956067,-137,693.0,264.0,123.0,104.126,95.0,202.0,97.0
3397956138,-135,964.0,-517.0,418.0,401.906,68.0,104.0,156.0
3397956138,-137,695.0,265.0,123.0,104.572,96.0,202.0,97.0
3397956138,-139,1193.0,230.0,87.0,340.291,67.0,87.0,120.0
3397956170,-135,964.0,-517.0,408.0,401.66,66.0,104.0,156.0
3397956170,-137,695.0,265.0,123.0,104.579,95.0,201.0,97.0
3397956170,-139,1193.0,230.0,87.0,340.222,64.0,87.0,120.0
3397956170,-141,427.0,-44.0,108.0,101.774,69.0,95.0,112.0
3397956204,-135,960.0,-519.0,418.0,400.652,65.0,104.0,156.0
3397956204,-137,694.0,261.0,131.0,103.866,94.0,202.0,99.0
3397956204,-139,1188.0,225.0,86.0,338.359,63.0,87.0,120.0
3397956239,-137,581.0,189.0,146.0,100.184,91.0,201.0,99.0
3397956239,-139,1193.0,223.0,74.0,340.208,64.0,87.0,120.0
3397956284,-137,464.0,167.0,144.0,104.804,92.0,202.0,99.0
3397956284,-139,1200.0,232.0,87.0,342.638,64.0,87.0,120.0
3397956284,-142,948.0,-438.0,211.0,252.838,28.0,162.0,122.0
3397956317,-137,455.0,159.0,143.0,102.925,93.0,202.0,98.0
3397956317,-142,941.0,-435.0,210.0,250.453,27.0,162.0,121.0
3397956317,-143,1582.0,-284.0,127.0,419.638,77.0,198.0,118.0
3397956317,-144,1399.0,489.0,85.0,361.018,63.0,88.0,120.0
3397956368,-142,945.0,-437.0,211.0,251.596,26.0,161.0,120.0
3397956368,-143,1645.0,-279.0,149.0,437.771,76.0,198.0,119.0
3397956368,-144,1405.0,491.0,72.0,324.925,61.0,88.0,120.0
3397956402,-142,941.0,-435.0,210.0,250.503,27.0,162.0,120.0
3397956402,-143,1635.0,-277.0,147.0,448.729,79.0,195.0,118.0
3397956402,-144,1399.0,489.0,71.0,322.96,66.0,88.0,120.0
3397956402,-145,394.0,38.0,152.0,174.091,108.0,207.0,121.0
3397956438,-142,940.0,-435.0,209.0,249.929,27.0,162.0,121.0
3397956438,-144,1401.0,489.0,72.0,323.47,64.0,88.0,120.0
3397956438,-145,394.0,38.0,152.0,174.089,107.0,207.0,121.0
3397956473,-142,940.0,-435.0,209.0,250.142,27.0,161.0,120.0
3397956473,-145,395.0,38.0,152.0,173.344,107.0,207.0,121.0
3397956505,-142,945.0,-437.0,211.0,251.455,27.0,162.0,120.0
3397956505,-145,396.0,38.0,152.0,173.563,107.0,207.0,121.0
3397956505,-146,964.0,605.0,102.0,117.927,67.0,101.0,117.0
3397956536,-145,396.0,38.0,152.0,173.622,108.0,207.0,121.0
3397956536,-146,966.0,606.0,103.0,118.603,60.0,104.0,118.0
3397956570,-145,394.0,38.0,152.0,174.088,107.0,207.0,121.0
3397956570,-146,960.0,603.0,102.0,117.528,62.0,104.0,118.0
3397956570,-147,1158.0,-182.0,348.0,409.272,74.0,105.0,162.0
3397956605,-145,396.0,38.0,152.0,173.567,107.0,207.0,121.0
3397956605,-147,887.0,138.0,369.0,390.261,70.0,104.0,157.0
3397956639,-145,394.0,38.0,152.0,174.112,107.0,207.0,121.0
3397956639,-147,884.0,137.0,368.0,388.738,70.0,104.0,157.0
3397956639,-148,865.0,-597.0,269.0,209.888,111.0,158.0,97.0
3397956676,-145,394.0,38.0,152.0,174.106,107.0,207.0,121.0
3397956676,-147,1399.0,-179.0,298.0,425.851,78.0,103.0,166.0
3397956676,-148,865.0,-597.0,269.0,209.881,112.0,158.0,97.0
3397956676,-149,983.0,573.0,187.0,395.749,53.0,196.0,120.0
3397956740,-147,1458.0,-188.0,310.0,433.359,78.0,104.0,166.0
3397956740,-148,872.0,-602.0,271.0,212.167,112.0,158.0,97.0
3397956740,-149,991.0,567.0,178.0,399.08,54.0,196.0,120.0
3397956775,-147,1447.0,-186.0,308.0,429.607,78.0,103.0,166.0
3397956775,-149,987.0,564.0,177.0,397.005,52.0,196.0,120.0
3397956810,-147,1448.0,-186.0,308.0,429.761,77.0,103.0,166.0
3397956810,-149,986.0,564.0,177.0,396.704,53.0,196.0,120.0
3397956810,-150,986.0,-486.0,125.0,339.029,60.0,90.0,119.0
3397956845,-147,1893.0,-210.0,320.0,460.228,78.0,104.0,166.0
3397956845,-149,986.0,564.0,188.0,396.865,53.0,193.0,120.0
3397956845,-150,943.0,-766.0,150.0,366.748,54.0,92.0,120.0
3397956845,-152,474.0,-5.0,266.0,217.751,169.0,173.0,77.0
3397956933,-147,1893.0,-210.0,319.0,460.068,77.0,104.0,166.0
3397956933,-149,986.0,564.0,188.0,396.773,55.0,194.0,120.0
3397956933,-152,474.0,-5.0,266.0,218.357,168.0,172.0,77.0
3397956970,-147,1540.0,-711.0,419.0,463.341,73.0,102.0,161.0
3397956970,-149,1367.0,507.0,167.0,425.382,66.0,193.0,120.0
3397956970,-152,475.0,-5.0,266.0,217.893,168.0,172.0,77.0
3397956970,-153,695.0,457.0,155.0,119.862,90.0,199.0,98.0
3397957062,-147,1532.0,-708.0,401.0,460.405,74.0,101.0,162.0
3397957062,-152,473.0,-5.0,265.0,217.984,169.0,173.0,77.0
3397957062,-153,693.0,464.0,154.0,119.677,91.0,199.0,98.0
3397957096,-147,1532.0,-708.0,417.0,460.624,74.0,102.0,161.0
3397957096,-152,474.0,-5.0,265.0,217.566,169.0,173.0,77.0
3397957096,-153,530.0,367.0,155.0,104.202,93.0,201.0,97.0
3397957096,-155,1104.0,470.0,103.0,123.168,74.0,97.0,114.0
3397957207,-152,473.0,-5.0,265.0,217.978,168.0,172.0,77.0
3397957207,-153,522.0,364.0,153.0,108.384,92.0,201.0,98.0
3397957207,-155,1103.0,493.0,92.0,124.228,76.0,99.0,114.0
3397957240,-152,473.0,-5.0,265.0,217.971,168.0,172.0,77.0
3397957240,-153,522.0,363.0,153.0,108.449,93.0,201.0,97.0
3397957240,-155,1102.0,493.0,91.0,124.145,78.0,98.0,112.0
3397957240,-156,1159.0,-482.0,108.0,357.577,65.0,89.0,119.0
3397957287,-152,474.0,-5.0,265.0,217.526,167.0,172.0,78.0
3397957287,-153,523.0,364.0,153.0,114.703,93.0,201.0,97.0
3397957287,-155,1104.0,493.0,92.0,124.616,74.0,99.0,113.0
3397957320,-152,1032.0,-139.0,216.0,209.116,170.0,170.0,76.0
3397957320,-153,524.0,364.0,153.0,108.392,91.0,200.0,97.0
3397957320,-155,1108.0,483.0,92.0,124.498,79.0,96.0,112.0
3397957320,-157,355.0,-280.0,146.0,104.159,101.0,99.0,146.0
3397957379,-152,1028.0,-128.0,226.0,208.018,172.0,169.0,76.0
3397957379,-155,1077.0,483.0,90.0,130.87,74.0,100.0,115.0
3397957379,-157,358.0,-283.0,151.0,100.741,102.0,98.0,146.0
3397957410,-155,1077.0,483.0,90.0,131.157,77.0,98.0,115.0
3397957410,-157,358.0,-283.0,151.0,100.737,102.0,99.0,146.0
3397957441,-155,1077.0,483.0,90.0,130.868,72.0,99.0,114.0
3397957441,-157,358.0,-283.0,151.0,100.741,102.0,99.0,146.0
3397957441,-158,1188.0,-223.0,99.0,337.97,66.0,86.0,119.0
3397957593,-155,1076.0,483.0,90.0,130.791,78.0,97.0,112.0
3397957593,-157,461.0,199.0,149.0,110.254,117.0,92.0,148.0
3397957593,-158,1400.0,-94.0,71.0,352.077,70.0,85.0,119.0
3397957623,-155,1077.0,483.0,90.0,130.87,73.0,98.0,112.0
3397957623,-157,461.0,200.0,150.0,109.951,117.0,92.0,149.0
3397957623,-158,1399.0,-94.0,71.0,352.016,71.0,86.0,119.0
3397957623,-160,801.0,-261.0,148.0,170.948,109.0,204.0,120.0
3397957660,-158,1406.0,-94.0,72.0,354.004,70.0,87.0,119.0
3397957660,-160,803.0,-262.0,148.0,171.769,109.0,203.0,120.0
3397957660,-162,672.0,416.0,120.0,127.81,116.0,94.0,146.0
3397957693,-158,1406.0,-437.0,86.0,360.836,68.0,85.0,119.0
3397957693,-160,502.0,-250.0,172.0,129.377,93.0,199.0,120.0
3397957693,-162,672.0,415.0,120.0,128.021,115.0,94.0,146.0
3397957693,-163,1135.0,340.0,153.0,395.439,61.0,197.0,119.0
3397957791,-158,571.0,-274.0,150.0,294.026,52.0,91.0,119.0
3397957791,-162,671.0,415.0,120.0,127.452,115.0,93.0,146.0
3397957791,-163,1131.0,339.0,153.0,394.042,61.0,197.0,120.0
3397957846,-162,672.0,416.0,128.0,127.825,115.0,94.0,146.0
3397957846,-163,1164.0,347.0,157.0,395.908,62.0,197.0,119.0
3397957874,-162,670.0,415.0,128.0,127.429,115.0,94.0,146.0
3397957874,-163,1130.0,338.0,153.0,393.621,61.0,197.0,120.0
3397957874,-166,816.0,-363.0,212.0,227.911,24.0,160.0,120.0
3397957905,-162,670.0,415.0,120.0,127.447,114.0,93.0,146.0
3397957905,-163,1159.0,345.0,156.0,393.799,62.0,197.0,119.0
3397957935,-162,673.0,416.0,120.0,128.028,114.0,95.0,145.0
3397957935,-163,1137.0,340.0,154.0,396.36,62.0,197.0,120.0
3397957935,-167,591.0,-87.0,128.0,101.032,94.0,202.0,93.0
3397957962,-162,670.0,415.0,120.0,127.402,116.0,94.0,146.0
3397957962,-163,1159.0,345.0,156.0,393.941,61.0,197.0,119.0
3397957962,-167,589.0,-87.0,127.0,100.031,93.0,202.0,94.0
3397957962,-168,1130.0,-529.0,376.0,199.786,29.0,167.0,121.0
3397957997,-163,1159.0,345.0,156.0,393.85,61.0,197.0,119.0
3397957997,-167,589.0,-87.0,127.0,100.044,95.0,204.0,93.0
3397957997,-168,1129.0,-529.0,375.0,199.822,30.0,167.0,121.0
3397958029,-163,1159.0,345.0,156.0,393.878,60.0,197.0,120.0
3397958029,-167,580.0,239.0,146.0,100.643,93.0,202.0,95.0
3397958029,-168,1130.0,-529.0,375.0,199.692,30.0,168.0,121.0
3397958029,-169,420.0,-302.0,202.0,155.583,88.0,200.0,121.0
3397958063,-163,1164.0,347.0,157.0,395.945,62.0,197.0,119.0
3397958063,-167,581.0,240.0,146.0,101.122,92.0,202.0,97.0
3397958063,-168,1134.0,-531.0,376.0,200.953,29.0,167.0,121.0
3397958097,-163,1052.0,419.0,165.0,387.61,59.0,197.0,120.0
3397958097,-167,580.0,239.0,153.0,100.447,93.0,202.0,96.0
3397958097,-168,515.0,-389.0,217.0,248.161,25.0,169.0,120.0
3397958097,-170,1882.0,-452.0,131.0,445.825,87.0,94.0,174.0
3397958243,-163,1056.0,420.0,166.0,398.422,59.0,197.0,120.0
3397958243,-168,516.0,-389.0,212.0,249.374,25.0,169.0,120.0
3397958243,-170,1894.0,-455.0,132.0,449.356,87.0,94.0,175.0
3397958281,-168,514.0,-388.0,211.0,248.605,25.0,169.0,120.0
3397958281,-170,1189.0,303.0,147.0,403.146,73.0,94.0,176.0
3397958314,-168,517.0,-391.0,212.0,249.503,24.0,168.0,120.0
3397958314,-170,1185.0,303.0,147.0,401.808,73.0,93.0,176.0
3397958340,-168,519.0,-392.0,214.0,250.49,25.0,169.0,120.0
3397958340,-170,1193.0,305.0,148.0,404.845,73.0,93.0,175.0
3397958340,-172,444.0,183.0,140.0,105.77,92.0,201.0,96.0
3397958370,-170,1188.0,303.0,147.0,402.837,73.0,92.0,176.0
3397958370,-172,437.0,182.0,138.0,115.897,91.0,201.0,97.0
3397958370,-173,866.0,-133.0,83.0,110.662,60.0,102.0,117.0
3397958401,-170,1182.0,302.0,146.0,400.264,73.0,93.0,175.0
3397958401,-172,436.0,182.0,144.0,108.972,91.0,201.0,97.0
3397958401,-173,424.0,-174.0,119.0,95.3056,63.0,96.0,114.0
3397958401,-174,1151.0,-777.0,441.0,421.553,65.0,103.0,159.0
3397958454,-172,443.0,184.0,140.0,111.992,92.0,202.0,96.0
3397958454,-173,426.0,-174.0,120.0,95.5204,63.0,97.0,113.0
3397958454,-174,1158.0,-781.0,456.0,434.65,65.0,104.0,160.0
3397958484,-172,437.0,182.0,139.0,116.686,91.0,201.0,97.0
3397958484,-173,426.0,-174.0,120.0,95.5155,63.0,97.0,113.0
3397958484,-174,1158.0,-781.0,456.0,434.638,66.0,103.0,159.0
3397958484,-176,1103.0,344.0,138.0,164.661,91.0,198.0,120.0
3397958519,-172,440.0,183.0,139.0,111.295,91.0,202.0,97.0
3397958519,-174,1145.0,-772.0,450.0,428.48,65.0,103.0,159.0
3397958519,-176,1091.0,340.0,148.0,162.201,90.0,198.0,120.0
3397958552,-174,1158.0,-781.0,456.0,434.662,65.0,103.0,160.0
3397958552,-176,1103.0,344.0,150.0,164.681,90.0,198.0,120.0
3397958583,-174,1157.0,-793.0,455.0,435.1,65.0,103.0,160.0
3397958583,-176,562.0,8.0,154.0,124.071,100.0,199.0,120.0
3397958583,-177,1323.0,142.0,68.0,355.101,66.0,88.0,120.0
3397958646,-174,1160.0,-795.0,457.0,436.369,65.0,103.0,159.0
3397958646,-176,562.0,7.0,154.0,130.735,100.0,200.0,120.0
3397958646,-177,1323.0,142.0,81.0,354.958,68.0,88.0,120.0
3397958646,-178,443.0,-289.0,134.0,98.0721,58.0,99.0,114.0
3397958677,-174,1160.0,-794.0,457.0,436.248,65.0,103.0,159.0
3397958677,-177,1322.0,142.0,81.0,354.858,67.0,88.0,120.0
3397958677,-178,443.0,-289.0,135.0,98.0946,59.0,98.0,115.0
3397958708,-177,1322.0,142.0,81.0,354.904,65.0,88.0,120.0
3397958708,-178,617.0,138.0,105.0,100.83,66.0,97.0,112.0
3397958738,-177,1323.0,141.0,81.0,354.962,67.0,88.0,120.0
3397958738,-178,617.0,138.0,104.0,100.846,67.0,97.0,111.0
3397958738,-179,1051.0,-483.0,187.0,398.344,57.0,195.0,119.0
3397958766,-177,718.0,-472.0,159.0,294.647,51.0,92.0,119.0
3397958766,-178,617.0,138.0,105.0,100.841,66.0,97.0,112.0
3397958794,-177,717.0,-472.0,158.0,307.882,51.0,92.0,119.0
3397958794,-178,617.0,138.0,104.0,100.84,66.0,97.0,112.0
3397958794,-181,1400.0,147.0,157.0,221.439,40.0,180.0,120.0
3397958819,-177,704.0,-464.0,155.0,302.65,52.0,92.0,119.0
3397958819,-178,617.0,138.0,104.0,100.855,67.0,97.0,111.0
3397958819,-181,1400.0,161.0,171.0,221.856,39.0,181.0,120.0
3397958819,-182,1129.0,-341.0,222.0,192.591,164.0,157.0,85.0
3397958848,-178,617.0,138.0,105.0,100.314,66.0,98.0,111.0
3397958848,-182,1032.0,-691.0,359.0,187.811,159.0,157.0,85.0
3397958848,-183,1399.0,162.0,171.0,207.591,39.0,181.0,120.0
3397958904,-178,617.0,138.0,105.0,100.793,65.0,98.0,111.0
3397958904,-182,1050.0,-713.0,362.0,182.865,158.0,157.0,85.0
3397958931,-178,617.0,138.0,105.0,100.826,66.0,97.0,111.0
3397958931,-182,1029.0,-700.0,356.0,188.072,160.0,157.0,85.0
3397958931,-185,1323.0,101.0,149.0,412.055,65.0,198.0,118.0
3397958957,-178,833.0,609.0,108.0,123.74,62.0,104.0,116.0
3397958957,-182,1322.0,-776.0,243.0,229.151,158.0,159.0,85.0
3397958957,-185,1287.0,99.0,145.0,400.41,66.0,198.0,119.0
3397958957,-186,501.0,-108.0,159.0,138.174,105.0,205.0,120.0
3397959033,-178,849.0,673.0,128.0,131.525,58.0,106.0,118.0
3397959033,-185,1103.0,56.0,149.0,397.708,62.0,199.0,119.0
3397959033,-186,508.0,-109.0,162.0,140.166,105.0,204.0,120.0
